nextAction,patients,mean_overall_rank,median_overall_rank,mean_MCDA,top10_count,top25p_count,priority_score,priority_per_patient
Treatment,52,136.3653846153846,134.0,0.40095873593459896,3,15,2.2202642435794786,0.04269738929960536
Discharge,57,153.3859649122807,144.0,0.36909594855907457,4,12,1.398200497633019,0.02452983329180735
,100,164.99,167.5,0.3335997181844727,0,24,1.055331367793851,0.010553313677938509
Assessment,16,102.4375,58.5,0.47316394850473004,2,9,0.593170035180906,0.03707312719880663
Diagnostics/Investigation,47,147.4255319148936,153.0,0.3735860585932608,0,8,0.5727947224101775,0.01218712175340803
Review,28,151.75,136.0,0.36326662539421317,1,7,0.44290301370207125,0.015817964775073974
