Speciality,patients,mean_overall_rank,median_overall_rank,mean_MCDA,top10_count,top25p_count,priority_score,priority_per_patient
General Internal Medicine,165,152.0,161.0,0.36534814932542203,4,37,2.7297072016974244,0.016543680010287422
Ophthalmology,15,112.66666666666667,114.0,0.46257883923985615,2,6,1.4796541422688747,0.09864360948459165
Gastronenterology,47,149.36170212765958,133.0,0.3735785670519132,4,12,1.2335973303342578,0.026246751709239527
Trauma and Orthopaedics,38,140.71052631578948,139.5,0.3842017061743573,0,12,0.5441177113380604,0.014318887140475274
Geriatric Medicine,25,172.96,167.0,0.3166679577431606,0,4,0.20027137959268762,0.008010855183707505
Paediatrics,10,168.9,193.5,0.32532449389735796,0,4,0.0953161150681981,0.00953161150681981
