Speciality,patients,mean_waiting_days,median_waiting_days,max_waiting_days,top25p_count,priority_score,pct_in_top_25%
General Internal Medicine,165,46.92727272727273,19.0,377,37,2.7297072016974244,22.4
Ophthalmology,15,67.26666666666667,34.0,297,6,1.4796541422688747,40.0
Gastronenterology,47,39.40425531914894,23.0,214,12,1.2335973303342578,25.5
Trauma and Orthopaedics,38,82.60526315789474,52.0,443,12,0.5441177113380604,31.6
Geriatric Medicine,25,70.24,32.0,490,4,0.20027137959268762,16.0
Paediatrics,10,137.0,50.5,890,4,0.0953161150681981,40.0
